{
  "hw": "b200",
  "tp": 4,
  "ep": 1,
  "dp_attention": "false",
  "conc": 16,
  "model": "nvidia/DeepSeek-R1-0528-FP4-V2",
  "framework": "trt",
  "precision": "fp4",
  "tput_per_gpu": 554.4592393307257,
  "output_tput_per_gpu": 275.761830499116,
  "input_tput_per_gpu": 278.6974088316097,
  "mean_ttft": 0.15899561833848566,
  "median_ttft": 0.09073844949307386,
  "std_ttft": 0.22042813307198944,
  "p99_ttft": 1.1827530053799271,
  "mean_tpot": 0.014069597331525203,
  "mean_intvty": 71.07523949952275,
  "median_tpot": 0.014110684071162685,
  "median_intvty": 70.86828639609692,
  "std_tpot": 0.0004628107571928582,
  "std_intvty": 2160.710364783698,
  "p99_tpot": 0.014700761486703047,
  "p99_intvty": 68.02368713379288,
  "mean_itl": 0.13990970446273773,
  "median_itl": 0.13342568901134655,
  "std_itl": 0.027317108341690915,
  "p99_itl": 0.23851235618465583,
  "mean_e2el": 13.035060459805027,
  "median_e2el": 13.070754711996415,
  "std_e2el": 1.0428442739915291,
  "p99_e2el": 15.303916555095345
}