{
  "hw": "b200",
  "tp": 4,
  "ep": 1,
  "dp_attention": "false",
  "conc": 4,
  "model": "nvidia/DeepSeek-R1-0528-FP4-V2",
  "framework": "trt",
  "precision": "fp4",
  "tput_per_gpu": 233.82838861995924,
  "output_tput_per_gpu": 116.34528806877596,
  "input_tput_per_gpu": 117.48310055118328,
  "mean_ttft": 0.10246369607630186,
  "median_ttft": 0.08497561598778702,
  "std_ttft": 0.05366950164485875,
  "p99_ttft": 0.3093760312628001,
  "mean_tpot": 0.008242296503652973,
  "mean_intvty": 121.32540967881968,
  "median_tpot": 0.008247602066836047,
  "median_intvty": 121.24736279664145,
  "std_tpot": 0.00013822412687438662,
  "std_intvty": 7234.626997562921,
  "p99_tpot": 0.008421413728167943,
  "p99_intvty": 118.74490819221958,
  "mean_itl": 0.08189218915986542,
  "median_itl": 0.0807891889999155,
  "std_itl": 0.012071994077975452,
  "p99_itl": 0.14219624699326233,
  "mean_e2el": 7.659065294152242,
  "median_e2el": 7.698073145002127,
  "std_e2el": 0.5469864613173135,
  "p99_e2el": 8.638703989579225
}