{
  "hw": "b200",
  "tp": 4,
  "ep": 1,
  "dp_attention": "false",
  "conc": 32,
  "model": "nvidia/DeepSeek-R1-0528-FP4-V2",
  "framework": "trt",
  "precision": "fp4",
  "tput_per_gpu": 896.3835393872158,
  "output_tput_per_gpu": 448.9017665332366,
  "input_tput_per_gpu": 447.48177285397924,
  "mean_ttft": 0.23466064565072883,
  "median_ttft": 0.09176709450548515,
  "std_ttft": 0.439093189038703,
  "p99_ttft": 2.3030294394126396,
  "mean_tpot": 0.017180406058948272,
  "mean_intvty": 58.20584196723094,
  "median_tpot": 0.01729669165397691,
  "median_intvty": 57.81452430355818,
  "std_tpot": 0.0005628123648233387,
  "std_intvty": 1776.7910985997796,
  "p99_tpot": 0.017879872650130656,
  "p99_intvty": 55.92880998471165,
  "mean_itl": 0.17085328956128346,
  "median_itl": 0.15893798900651745,
  "std_itl": 0.03957365213662288,
  "p99_itl": 0.30629388260131235,
  "mean_e2el": 16.09198144224365,
  "median_e2el": 16.02239994049887,
  "std_e2el": 1.257932253382696,
  "p99_e2el": 19.129275597425003
}