{
  "hw": "b200",
  "tp": 4,
  "ep": 1,
  "dp_attention": "false",
  "conc": 8,
  "model": "nvidia/DeepSeek-R1-0528-FP4-V2",
  "framework": "trt",
  "precision": "fp4",
  "tput_per_gpu": 384.055096096149,
  "output_tput_per_gpu": 192.73937106231725,
  "input_tput_per_gpu": 191.31572503383174,
  "mean_ttft": 0.12479435130298952,
  "median_ttft": 0.08524999101064168,
  "std_ttft": 0.11784063355676681,
  "p99_ttft": 0.6402928732868167,
  "mean_tpot": 0.01004894414812252,
  "mean_intvty": 99.51294238080064,
  "median_tpot": 0.0100980938953679,
  "median_intvty": 99.02858998555264,
  "std_tpot": 0.00026047406096656135,
  "std_intvty": 3839.153873092861,
  "p99_tpot": 0.010440608909480113,
  "p99_intvty": 95.77985428531818,
  "mean_itl": 0.09992230948550275,
  "median_itl": 0.09680965199368075,
  "std_itl": 0.018096584712464288,
  "p99_itl": 0.16151451901649122,
  "mean_e2el": 9.45379081397732,
  "median_e2el": 9.544218766997801,
  "std_e2el": 0.6803059558390941,
  "p99_e2el": 10.618024510627437
}