{
  "hw": "b200",
  "tp": 4,
  "ep": 1,
  "dp_attention": "false",
  "conc": 8,
  "model": "nvidia/DeepSeek-R1-0528-FP4-V2",
  "framework": "sglang",
  "precision": "fp4",
  "tput_per_gpu": 241.1286824267546,
  "output_tput_per_gpu": 121.01125871893859,
  "input_tput_per_gpu": 120.11742370781602,
  "mean_ttft": 1.0139736464743692,
  "median_ttft": 1.0143210599999293,
  "std_ttft": 0.4222968268622298,
  "p99_ttft": 1.8882134660061274,
  "mean_tpot": 0.01518087065531194,
  "mean_intvty": 65.87237469479986,
  "median_tpot": 0.015746796215769927,
  "median_intvty": 63.50498134970027,
  "std_tpot": 0.0018430245668911733,
  "std_intvty": 542.5863648072835,
  "p99_tpot": 0.017934972183414336,
  "p99_intvty": 55.75698639358731,
  "mean_itl": 0.1514524923953408,
  "median_itl": 0.10003646450059023,
  "std_itl": 0.21270657141767965,
  "p99_itl": 1.0477179189668095,
  "mean_e2el": 15.140704718874257,
  "median_e2el": 15.490251320501557,
  "std_e2el": 2.1488040689799663,
  "p99_e2el": 19.067277930053088
}