{
  "hw": "b200",
  "tp": 8,
  "ep": 1,
  "dp_attention": "false",
  "conc": 128,
  "model": "nvidia/DeepSeek-R1-0528-FP4-V2",
  "framework": "sglang",
  "precision": "fp4",
  "tput_per_gpu": 617.8589428575954,
  "output_tput_per_gpu": 308.59050956979064,
  "input_tput_per_gpu": 309.2684332878047,
  "mean_ttft": 9.006252845294558,
  "median_ttft": 1.522177302000273,
  "std_ttft": 22.12270860503454,
  "p99_ttft": 78.84517483218002,
  "mean_tpot": 0.04141288747459872,
  "mean_intvty": 24.147072589743146,
  "median_tpot": 0.0423113236184243,
  "median_intvty": 23.634335078200056,
  "std_tpot": 0.007584219617202883,
  "std_intvty": 131.85272189794622,
  "p99_tpot": 0.05437324501881515,
  "p99_intvty": 18.391398189568473,
  "mean_itl": 0.41267727072245564,
  "median_itl": 0.18753160199958074,
  "std_itl": 0.49241329932332045,
  "p99_itl": 1.423256935860336,
  "mean_e2el": 47.11119541298671,
  "median_e2el": 42.09516955750041,
  "std_e2el": 20.000207065478182,
  "p99_e2el": 110.91404770900044
}