{
  "hw": "b200-trt",
  "tp": 4,
  "ep": 4,
  "dp_attention": "true",
  "conc": 256,
  "model": "nvidia/DeepSeek-R1-0528-FP4-V2",
  "framework": "trt",
  "precision": "fp4",
  "tput_per_gpu": 2802.2842111183527,
  "output_tput_per_gpu": 1401.8195325748588,
  "input_tput_per_gpu": 1400.4646785434938,
  "mean_ttft": 1.2452838702885287,
  "median_ttft": 0.22760625950468238,
  "std_ttft": 3.422470532786927,
  "p99_ttft": 17.739029832593793,
  "mean_tpot": 0.04333291679518246,
  "mean_intvty": 23.07714490410613,
  "median_tpot": 0.043640968574273645,
  "median_intvty": 22.914248529981073,
  "std_tpot": 0.0026138258468499315,
  "std_intvty": 382.5809593264051,
  "p99_tpot": 0.047509776384745156,
  "p99_intvty": 21.048299446871074,
  "mean_itl": 0.43108402474283375,
  "median_itl": 0.3802544309874065,
  "std_itl": 0.1175330296827259,
  "p99_itl": 0.7629222606914118,
  "mean_e2el": 41.18201916423898,
  "median_e2el": 40.82577065851365,
  "std_e2el": 5.459359897825686,
  "p99_e2el": 60.29906498268245
}