{
  "hw": "b200-trt",
  "tp": 8,
  "ep": 8,
  "dp_attention": "false",
  "conc": 32,
  "model": "nvidia/DeepSeek-R1-0528-FP4-V2",
  "framework": "trt",
  "precision": "fp4",
  "tput_per_gpu": 545.787961054721,
  "output_tput_per_gpu": 273.3262817805954,
  "input_tput_per_gpu": 272.4616792741256,
  "mean_ttft": 0.23051602197183457,
  "median_ttft": 0.08890627700020559,
  "std_ttft": 0.44226936032171565,
  "p99_ttft": 2.309700345202291,
  "mean_tpot": 0.014041754813871446,
  "mean_intvty": 71.2161701479169,
  "median_tpot": 0.014115376705253601,
  "median_intvty": 70.84472634923091,
  "std_tpot": 0.000509673623169854,
  "std_intvty": 1962.0399301431767,
  "p99_tpot": 0.01502747321658082,
  "p99_intvty": 66.5447867108246,
  "mean_itl": 0.13965111487992313,
  "median_itl": 0.1240374310000334,
  "std_itl": 0.04184432184158449,
  "p99_itl": 0.2880895527711254,
  "mean_e2el": 13.191884983295585,
  "median_e2el": 13.168842891507666,
  "std_e2el": 1.1567982059153614,
  "p99_e2el": 16.599629236065958
}