{
  "hw": "b200",
  "tp": 8,
  "ep": 1,
  "dp_attention": "false",
  "conc": 16,
  "model": "nvidia/DeepSeek-R1-0528-FP4-V2",
  "framework": "sglang",
  "precision": "fp4",
  "tput_per_gpu": 203.35146429986423,
  "output_tput_per_gpu": 101.13741110653125,
  "input_tput_per_gpu": 102.21405319333299,
  "mean_ttft": 1.2848712322687788,
  "median_ttft": 1.1241421550002997,
  "std_ttft": 0.5608766385788969,
  "p99_ttft": 2.6738592576744122,
  "mean_tpot": 0.01808440860856636,
  "mean_intvty": 55.29625113238773,
  "median_tpot": 0.01821940825393702,
  "median_intvty": 54.886524636930005,
  "std_tpot": 0.0026483855836348835,
  "std_intvty": 377.5885226755802,
  "p99_tpot": 0.023259220913054834,
  "p99_intvty": 42.99370145449388,
  "mean_itl": 0.1803709681765584,
  "median_itl": 0.10061810600018362,
  "std_itl": 0.25941738819968035,
  "p99_itl": 1.0399235780432354,
  "mean_e2el": 17.866599663687563,
  "median_e2el": 18.091886109996267,
  "std_e2el": 2.7376201685299355,
  "p99_e2el": 23.628223347861052
}