{
  "hw": "b200-trt",
  "tp": 4,
  "ep": 1,
  "dp_attention": "false",
  "conc": 4,
  "model": "nvidia/DeepSeek-R1-0528-FP4-V2",
  "framework": "trt",
  "precision": "fp4",
  "tput_per_gpu": 232.15718348010677,
  "output_tput_per_gpu": 115.51375155361752,
  "input_tput_per_gpu": 116.64343192648924,
  "mean_ttft": 0.10115388439808157,
  "median_ttft": 0.08383157999196555,
  "std_ttft": 0.05310320530480269,
  "p99_ttft": 0.30532867862988494,
  "mean_tpot": 0.008301084801315426,
  "mean_intvty": 120.46618290678535,
  "median_tpot": 0.008304994459070117,
  "median_intvty": 120.40947226736222,
  "std_tpot": 0.00013282916095764714,
  "std_intvty": 7528.467339478657,
  "p99_tpot": 0.008475264808030594,
  "p99_intvty": 117.99041359185226,
  "mean_itl": 0.08247626983634805,
  "median_itl": 0.08139056200161576,
  "std_itl": 0.011883761173497478,
  "p99_itl": 0.14161665200372225,
  "mean_e2el": 7.711651530174277,
  "median_e2el": 7.752398429001914,
  "std_e2el": 0.5493692770329657,
  "p99_e2el": 8.694498332191142
}