{
  "hw": "b200-trt",
  "tp": 4,
  "ep": 1,
  "dp_attention": "false",
  "conc": 32,
  "model": "nvidia/DeepSeek-R1-0528-FP4-V2",
  "framework": "trt",
  "precision": "fp4",
  "tput_per_gpu": 895.0699912863333,
  "output_tput_per_gpu": 448.24395206319895,
  "input_tput_per_gpu": 446.8260392231344,
  "mean_ttft": 0.229091336059264,
  "median_ttft": 0.09055489099409897,
  "std_ttft": 0.4364243886533308,
  "p99_ttft": 2.2839311709406322,
  "mean_tpot": 0.01721004221453732,
  "mean_intvty": 58.105609941810606,
  "median_tpot": 0.01729478673483761,
  "median_intvty": 57.820892233707525,
  "std_tpot": 0.0004952842045253291,
  "std_intvty": 2019.0427856635986,
  "p99_tpot": 0.017948345655056715,
  "p99_intvty": 55.71544136817216,
  "mean_itl": 0.1711509777127241,
  "median_itl": 0.1587732244952349,
  "std_itl": 0.03806250772754136,
  "p99_itl": 0.3034813373317592,
  "mean_e2el": 16.11404131894069,
  "median_e2el": 16.058359535003547,
  "std_e2el": 1.2813098510474241,
  "p99_e2el": 19.522997492795984
}