{
  "hw": "b200-trt",
  "tp": 4,
  "ep": 4,
  "dp_attention": "false",
  "conc": 128,
  "model": "nvidia/DeepSeek-R1-0528-FP4-V2",
  "framework": "trt",
  "precision": "fp4",
  "tput_per_gpu": 2087.6838765745965,
  "output_tput_per_gpu": 1042.6966199003054,
  "input_tput_per_gpu": 1044.987256674291,
  "mean_ttft": 0.663182629560606,
  "median_ttft": 0.17903934750938788,
  "std_ttft": 1.7285808392063085,
  "p99_ttft": 8.992100288299264,
  "mean_tpot": 0.029236906956645457,
  "mean_intvty": 34.20334447425887,
  "median_tpot": 0.029438500055565704,
  "median_intvty": 33.96912200392281,
  "std_tpot": 0.0017278977856848652,
  "std_intvty": 578.737937095997,
  "p99_tpot": 0.03268976000877798,
  "p99_intvty": 30.590619194863358,
  "mean_itl": 0.2908414701511506,
  "median_itl": 0.2423163980129175,
  "std_itl": 0.09161084365229451,
  "p99_itl": 0.6531901416560868,
  "mean_e2el": 27.550113081723747,
  "median_e2el": 27.324475025001448,
  "std_e2el": 3.2337382173448455,
  "p99_e2el": 38.253611405387055
}