{
  "hw": "b200-trt",
  "tp": 8,
  "ep": 8,
  "dp_attention": "true",
  "conc": 256,
  "model": "nvidia/DeepSeek-R1-0528-FP4-V2",
  "framework": "trt",
  "precision": "fp4",
  "tput_per_gpu": 1585.2301581299964,
  "output_tput_per_gpu": 792.9982942046087,
  "input_tput_per_gpu": 792.2318639253878,
  "mean_ttft": 1.225270781880863,
  "median_ttft": 0.22547839701292105,
  "std_ttft": 3.4041082451838833,
  "p99_ttft": 17.645580831769028,
  "mean_tpot": 0.038231080974026034,
  "mean_intvty": 26.1567283613925,
  "median_tpot": 0.038571476440270785,
  "median_intvty": 25.925893750749555,
  "std_tpot": 0.002826577851456456,
  "std_intvty": 353.784700989123,
  "p99_tpot": 0.04301157689839866,
  "p99_intvty": 23.24955447139699,
  "mean_itl": 0.38042982004621456,
  "median_itl": 0.31186791200889274,
  "std_itl": 0.13476680807487892,
  "p99_itl": 0.7524632892245426,
  "mean_e2el": 36.46926995797694,
  "median_e2el": 36.08916033949936,
  "std_e2el": 5.4505453413095015,
  "p99_e2el": 55.602811611793
}