{
  "hw": "b200-trt",
  "tp": 8,
  "ep": 8,
  "dp_attention": "false",
  "conc": 128,
  "model": "nvidia/DeepSeek-R1-0528-FP4-V2",
  "framework": "trt",
  "precision": "fp4",
  "tput_per_gpu": 1226.6579200663398,
  "output_tput_per_gpu": 612.65600667746,
  "input_tput_per_gpu": 614.0019133888798,
  "mean_ttft": 0.6512268893119654,
  "median_ttft": 0.16597008149255998,
  "std_ttft": 1.7123054609760275,
  "p99_ttft": 8.859147722584897,
  "mean_tpot": 0.024804980013430122,
  "mean_intvty": 40.31448521460495,
  "median_tpot": 0.025071887670947444,
  "median_intvty": 39.885309519744304,
  "std_tpot": 0.0017141027251534999,
  "std_intvty": 583.3956071159322,
  "p99_tpot": 0.028290014085349202,
  "p99_intvty": 35.34816196920449,
  "mean_itl": 0.24680876467757154,
  "median_itl": 0.19129855951177888,
  "std_itl": 0.0960082567057741,
  "p99_itl": 0.6158089689404005,
  "mean_e2el": 23.46754012517531,
  "median_e2el": 23.22250084998086,
  "std_e2el": 3.036376977418281,
  "p99_e2el": 33.45750120406913
}