{
  "hw": "b200-trt",
  "tp": 8,
  "ep": 8,
  "dp_attention": "false",
  "conc": 16,
  "model": "nvidia/DeepSeek-R1-0528-FP4-V2",
  "framework": "trt",
  "precision": "fp4",
  "tput_per_gpu": 325.49605708022494,
  "output_tput_per_gpu": 161.88636089649074,
  "input_tput_per_gpu": 163.6096961837342,
  "mean_ttft": 0.15527502854383785,
  "median_ttft": 0.08564328950888012,
  "std_ttft": 0.22146283098956587,
  "p99_ttft": 1.1843134893602107,
  "mean_tpot": 0.01193982481173974,
  "mean_intvty": 83.75332266322349,
  "median_tpot": 0.012006218454386743,
  "median_intvty": 83.29017198871868,
  "std_tpot": 0.00035590675920748493,
  "std_intvty": 2809.7246656027246,
  "p99_tpot": 0.012559178762472057,
  "p99_intvty": 79.62304055963348,
  "mean_itl": 0.11872558935734931,
  "median_itl": 0.11154314098530449,
  "std_itl": 0.027579546760737497,
  "p99_itl": 0.2207266786636319,
  "mean_e2el": 11.081739277531597,
  "median_e2el": 11.083868979505496,
  "std_e2el": 0.8706874862478199,
  "p99_e2el": 13.164547002167382
}