{
  "hw": "b200-trt",
  "tp": 8,
  "ep": 1,
  "dp_attention": "false",
  "conc": 4,
  "model": "nvidia/DeepSeek-R1-0528-FP4-V2",
  "framework": "trt",
  "precision": "fp4",
  "tput_per_gpu": 131.8665673785804,
  "output_tput_per_gpu": 65.61245133172004,
  "input_tput_per_gpu": 66.25411604686037,
  "mean_ttft": 0.10133531719948223,
  "median_ttft": 0.082798230505432,
  "std_ttft": 0.057278206532769785,
  "p99_ttft": 0.3212588469099137,
  "mean_tpot": 0.007287204374240966,
  "mean_intvty": 137.22683606004392,
  "median_tpot": 0.007310437737787159,
  "median_intvty": 136.79071430033082,
  "std_tpot": 0.00010556944055889344,
  "std_intvty": 9472.438185765848,
  "p99_tpot": 0.007433151536049671,
  "p99_intvty": 134.53243824643556,
  "mean_itl": 0.07240057479058423,
  "median_itl": 0.07107587800419424,
  "std_itl": 0.0118653352879106,
  "p99_itl": 0.13325651860795915,
  "mean_e2el": 6.7820981922512145,
  "median_e2el": 6.826648775997455,
  "std_e2el": 0.4769198359029493,
  "p99_e2el": 7.646476223455101
}