{
  "hw": "b200-trt",
  "tp": 4,
  "ep": 1,
  "dp_attention": "false",
  "conc": 16,
  "model": "nvidia/DeepSeek-R1-0528-FP4-V2",
  "framework": "trt",
  "precision": "fp4",
  "tput_per_gpu": 558.9213521995698,
  "output_tput_per_gpu": 277.9810746298323,
  "input_tput_per_gpu": 280.94027756973753,
  "mean_ttft": 0.15718750041301063,
  "median_ttft": 0.08782301700193784,
  "std_ttft": 0.2187555461084578,
  "p99_ttft": 1.175216408651831,
  "mean_tpot": 0.0139568639205499,
  "mean_intvty": 71.6493336678316,
  "median_tpot": 0.013960909236747952,
  "median_intvty": 71.62857254080534,
  "std_tpot": 0.0004483210742101232,
  "std_intvty": 2230.5442628630726,
  "p99_tpot": 0.014664102453360122,
  "p99_intvty": 68.19374067935952,
  "mean_itl": 0.13878430318159926,
  "median_itl": 0.13237412000307813,
  "std_itl": 0.026551819982173663,
  "p99_itl": 0.2389920373566565,
  "mean_e2el": 12.929680271512916,
  "median_e2el": 12.914744216501276,
  "std_e2el": 1.0281224587563245,
  "p99_e2el": 15.271031003411553
}