{
  "hw": "b200-trt",
  "tp": 4,
  "ep": 4,
  "dp_attention": "false",
  "conc": 64,
  "model": "nvidia/DeepSeek-R1-0528-FP4-V2",
  "framework": "trt",
  "precision": "fp4",
  "tput_per_gpu": 1432.5032304767099,
  "output_tput_per_gpu": 716.0901808485345,
  "input_tput_per_gpu": 716.4130496281754,
  "mean_ttft": 0.38077007210540614,
  "median_ttft": 0.09692603348230477,
  "std_ttft": 0.8715432932070144,
  "p99_ttft": 4.532577198271757,
  "mean_tpot": 0.02135648239638836,
  "mean_intvty": 46.824190493520234,
  "median_tpot": 0.021473437698987602,
  "median_intvty": 46.569162051176676,
  "std_tpot": 0.0009586325053892484,
  "std_intvty": 1043.1526099711741,
  "p99_tpot": 0.02350604097533273,
  "p99_intvty": 42.542255458901025,
  "mean_itl": 0.2124997669169138,
  "median_itl": 0.18643218302167952,
  "std_itl": 0.06120389438475098,
  "p99_itl": 0.4384095542063005,
  "mean_e2el": 20.06256473868557,
  "median_e2el": 20.038216531989747,
  "std_e2el": 1.9788339377642028,
  "p99_e2el": 25.799915265741586
}