{
  "hw": "b200",
  "tp": 4,
  "ep": 1,
  "dp_attention": "false",
  "conc": 128,
  "model": "nvidia/DeepSeek-R1-0528-FP4-V2",
  "framework": "sglang",
  "precision": "fp4",
  "tput_per_gpu": 1122.923849530746,
  "output_tput_per_gpu": 560.8458806666993,
  "input_tput_per_gpu": 562.0779688640469,
  "mean_ttft": 8.818101681216877,
  "median_ttft": 1.7065193044836633,
  "std_ttft": 21.168467134088612,
  "p99_ttft": 75.97504369431933,
  "mean_tpot": 0.046711848559432084,
  "mean_intvty": 21.407844708343905,
  "median_tpot": 0.04766629349814451,
  "median_intvty": 20.979185218983446,
  "std_tpot": 0.007812667006839653,
  "std_intvty": 127.99726381843014,
  "p99_tpot": 0.05996739621352961,
  "p99_intvty": 16.675728198023442,
  "mean_itl": 0.46544168762223054,
  "median_itl": 0.23421832849271595,
  "std_itl": 0.49931408694741414,
  "p99_itl": 1.494535956432228,
  "mean_e2el": 51.795096171086286,
  "median_e2el": 47.22695917301462,
  "std_e2el": 19.23128000947949,
  "p99_e2el": 113.32731998740928
}