{
  "hw": "b200",
  "tp": 8,
  "ep": 1,
  "dp_attention": "false",
  "conc": 4,
  "model": "nvidia/DeepSeek-R1-0528-FP4-V2",
  "framework": "sglang",
  "precision": "fp4",
  "tput_per_gpu": 88.48195742253989,
  "output_tput_per_gpu": 44.0257014384431,
  "input_tput_per_gpu": 44.45625598409679,
  "mean_ttft": 0.9603939496749263,
  "median_ttft": 0.9839538310006901,
  "std_ttft": 0.40979356820686286,
  "p99_ttft": 2.026245428759685,
  "mean_tpot": 0.010060126665940586,
  "mean_intvty": 99.40232694937977,
  "median_tpot": 0.010298104588790335,
  "median_intvty": 97.10524799762835,
  "std_tpot": 0.0009126212550823811,
  "std_intvty": 1095.7448058885407,
  "p99_tpot": 0.011595090322504683,
  "p99_intvty": 86.24339890299255,
  "mean_itl": 0.10022060891856718,
  "median_itl": 0.07552710199979629,
  "std_itl": 0.14952085658088227,
  "p99_itl": 0.994407320290793,
  "mean_e2el": 10.190711872050134,
  "median_e2el": 10.151059213000735,
  "std_e2el": 1.1387381652602893,
  "p99_e2el": 12.469283682641107
}