{
  "hw": "b200",
  "tp": 4,
  "ep": 1,
  "dp_attention": "false",
  "conc": 4,
  "model": "nvidia/DeepSeek-R1-0528-FP4-V2",
  "framework": "sglang",
  "precision": "fp4",
  "tput_per_gpu": 164.67788002590683,
  "output_tput_per_gpu": 81.93827748310468,
  "input_tput_per_gpu": 82.73960254280215,
  "mean_ttft": 0.9629514460502833,
  "median_ttft": 1.0036936360047548,
  "std_ttft": 0.36804667037608946,
  "p99_ttft": 1.7840627564500027,
  "mean_tpot": 0.010890997804550419,
  "mean_intvty": 91.81895157321446,
  "median_tpot": 0.011082485697408866,
  "median_intvty": 90.23246474694791,
  "std_tpot": 0.0009447512395782547,
  "std_intvty": 1058.4796908511164,
  "p99_tpot": 0.012412385080835189,
  "p99_intvty": 80.56469352888568,
  "mean_itl": 0.10849418389601798,
  "median_itl": 0.08355670150194783,
  "std_itl": 0.15206515189221204,
  "p99_itl": 1.0176939859686538,
  "mean_e2el": 10.955265639874051,
  "median_e2el": 10.922711889004859,
  "std_e2el": 1.195037107201015,
  "p99_e2el": 13.23877438868658
}