{
  "hw": "b200",
  "tp": 4,
  "ep": 1,
  "dp_attention": "false",
  "conc": 8,
  "model": "nvidia/DeepSeek-R1-0528-FP4-V2",
  "framework": "sglang",
  "precision": "fp4",
  "tput_per_gpu": 175.98028622315323,
  "output_tput_per_gpu": 156.380400385855,
  "input_tput_per_gpu": 19.599885837298217,
  "mean_ttft": 0.9754124576771573,
  "median_ttft": 1.0146120914869243,
  "std_ttft": 0.4075359288265666,
  "p99_ttft": 1.894366029261728,
  "mean_tpot": 0.01234786930650511,
  "mean_intvty": 80.98563202909668,
  "median_tpot": 0.012395553697843701,
  "median_intvty": 80.674088820571,
  "std_tpot": 0.0003954992362628924,
  "std_intvty": 2528.4498889279516,
  "p99_tpot": 0.013003529665640634,
  "p99_intvty": 76.90219699673625,
  "mean_itl": 0.12347724499952667,
  "median_itl": 0.11868342899833806,
  "std_itl": 0.08042949230703189,
  "p99_itl": 0.14401950069441227,
  "mean_e2el": 91.87318622183848,
  "median_e2el": 92.33807568100747,
  "std_e2el": 7.019515831346447,
  "p99_e2el": 105.69604407743549
}