{
  "hw": "b200-trt",
  "tp": 8,
  "ep": 8,
  "dp_attention": "false",
  "conc": 64,
  "model": "nvidia/DeepSeek-R1-0528-FP4-V2",
  "framework": "trt",
  "precision": "fp4",
  "tput_per_gpu": 845.5553141618557,
  "output_tput_per_gpu": 422.6823681466364,
  "input_tput_per_gpu": 422.87294601521927,
  "mean_ttft": 0.3776146161722863,
  "median_ttft": 0.09435479500098154,
  "std_ttft": 0.8714450363218503,
  "p99_ttft": 4.5266686170134935,
  "mean_tpot": 0.018031185807820253,
  "mean_intvty": 55.45946953562493,
  "median_tpot": 0.018247113201066922,
  "median_intvty": 54.803189358277734,
  "std_tpot": 0.001004892791357284,
  "std_intvty": 995.1310314897618,
  "p99_tpot": 0.019982590451251704,
  "p99_intvty": 50.043561791427315,
  "mean_itl": 0.17945310267741327,
  "median_itl": 0.1478256759874057,
  "std_itl": 0.06720562492136468,
  "p99_itl": 0.4227378611278254,
  "mean_e2el": 16.99861691510323,
  "median_e2el": 17.015188030010904,
  "std_e2el": 1.8286562584604886,
  "p99_e2el": 22.303292889559234
}