{
  "hw": "b200",
  "tp": 4,
  "ep": 1,
  "dp_attention": "false",
  "conc": 16,
  "model": "nvidia/DeepSeek-R1-0528-FP4-V2",
  "framework": "sglang",
  "precision": "fp4",
  "tput_per_gpu": 367.77519283116214,
  "output_tput_per_gpu": 182.91400556280078,
  "input_tput_per_gpu": 184.86118726836136,
  "mean_ttft": 1.2878231039803723,
  "median_ttft": 1.1729384945065249,
  "std_ttft": 0.4991927976869511,
  "p99_ttft": 2.6207209158237674,
  "mean_tpot": 0.02014234074564654,
  "mean_intvty": 49.64666284955659,
  "median_tpot": 0.020347526981257733,
  "median_intvty": 49.146021574076684,
  "std_tpot": 0.002712682335630373,
  "std_intvty": 368.6388143813456,
  "p99_tpot": 0.025010820042999957,
  "p99_intvty": 39.98269542065177,
  "mean_itl": 0.20088351644584168,
  "median_itl": 0.12136211100732908,
  "std_itl": 0.26459640679252394,
  "p99_itl": 1.0762524236773607,
  "mean_e2el": 19.755295761592425,
  "median_e2el": 19.974015108004096,
  "std_e2el": 2.8997232570366847,
  "p99_e2el": 25.45475582149054
}