{
  "hw": "b200",
  "tp": 4,
  "ep": 1,
  "dp_attention": "false",
  "conc": 64,
  "model": "nvidia/DeepSeek-R1-0528-FP4-V2",
  "framework": "sglang",
  "precision": "fp4",
  "tput_per_gpu": 644.4458179156047,
  "output_tput_per_gpu": 572.9095577747652,
  "input_tput_per_gpu": 71.53626014083954,
  "mean_ttft": 7.934275952339562,
  "median_ttft": 1.2657892690003791,
  "std_ttft": 20.70009497835106,
  "p99_ttft": 71.7825134153026,
  "mean_tpot": 0.02616415507061117,
  "mean_intvty": 38.22022906152425,
  "median_tpot": 0.026479798899420936,
  "median_intvty": 37.76463725416994,
  "std_tpot": 0.0016753279196869615,
  "std_intvty": 596.8980688788688,
  "p99_tpot": 0.028903042849067404,
  "p99_intvty": 34.598433293754965,
  "mean_itl": 0.2616523191561846,
  "median_itl": 0.22730744399996183,
  "std_itl": 0.20449776368623776,
  "p99_itl": 1.168492691830761,
  "mean_e2el": 201.277732419133,
  "median_e2el": 197.2770541610007,
  "std_e2el": 23.76052477409667,
  "p99_e2el": 272.430773175202
}