{
  "hw": "b200",
  "tp": 8,
  "ep": 1,
  "dp_attention": "false",
  "conc": 64,
  "model": "nvidia/DeepSeek-R1-0528-FP4-V2",
  "framework": "sglang",
  "precision": "fp4",
  "tput_per_gpu": 395.95988096985764,
  "output_tput_per_gpu": 197.93531821782477,
  "input_tput_per_gpu": 198.02456275203286,
  "mean_ttft": 8.243578732288643,
  "median_ttft": 1.267787476986996,
  "std_ttft": 20.842844562106144,
  "p99_ttft": 72.51087472002662,
  "mean_tpot": 0.03089024755398486,
  "mean_intvty": 32.372676789085794,
  "median_tpot": 0.031278090925105306,
  "median_intvty": 31.97126072670093,
  "std_tpot": 0.0062635217948789354,
  "std_intvty": 159.65458934262853,
  "p99_tpot": 0.04122921536197,
  "p99_intvty": 24.254645430929163,
  "mean_itl": 0.3080070528102064,
  "median_itl": 0.14846830800524913,
  "std_itl": 0.4625072386158645,
  "p99_itl": 1.3254364978394007,
  "mean_e2el": 36.741449896891616,
  "median_e2el": 31.16642570348631,
  "std_e2el": 19.520487199398055,
  "p99_e2el": 98.58389899657574
}