{
  "hw": "b200-trt",
  "tp": 4,
  "ep": 1,
  "dp_attention": "false",
  "conc": 8,
  "model": "nvidia/DeepSeek-R1-0528-FP4-V2",
  "framework": "trt",
  "precision": "fp4",
  "tput_per_gpu": 384.02002845066465,
  "output_tput_per_gpu": 192.72177224380397,
  "input_tput_per_gpu": 191.29825620686069,
  "mean_ttft": 0.1263942476126431,
  "median_ttft": 0.08676714950070163,
  "std_ttft": 0.11869672310791005,
  "p99_ttft": 0.6482635981704515,
  "mean_tpot": 0.010048868783417472,
  "mean_intvty": 99.51368870993605,
  "median_tpot": 0.01010097172762409,
  "median_intvty": 99.00037609898507,
  "std_tpot": 0.0002684498841404658,
  "std_intvty": 3725.090078551691,
  "p99_tpot": 0.01044956671771341,
  "p99_intvty": 95.69774776449502,
  "mean_itl": 0.09992002023644346,
  "median_itl": 0.09673129899965716,
  "std_itl": 0.018557758377670795,
  "p99_itl": 0.16222376411948056,
  "mean_e2el": 9.455176983912567,
  "median_e2el": 9.523156715999903,
  "std_e2el": 0.6866404543578237,
  "p99_e2el": 10.63296834042998
}