{
  "hw": "b200",
  "tp": 8,
  "ep": 1,
  "dp_attention": "false",
  "conc": 8,
  "model": "nvidia/DeepSeek-R1-0528-FP4-V2",
  "framework": "sglang",
  "precision": "fp4",
  "tput_per_gpu": 133.54755171912825,
  "output_tput_per_gpu": 67.02129821189257,
  "input_tput_per_gpu": 66.52625350723568,
  "mean_ttft": 1.0337468753999928,
  "median_ttft": 0.988553299997875,
  "std_ttft": 0.5215806998970289,
  "p99_ttft": 2.3591580177313882,
  "mean_tpot": 0.013569654634228342,
  "mean_intvty": 73.6938431341931,
  "median_tpot": 0.014027861556023478,
  "median_intvty": 71.28670296654062,
  "std_tpot": 0.0017449497709103898,
  "std_intvty": 573.0823985141255,
  "p99_tpot": 0.0162319139805009,
  "p99_intvty": 61.60702928818387,
  "mean_itl": 0.1354100859845935,
  "median_itl": 0.08452603949990589,
  "std_itl": 0.21013454758318054,
  "p99_itl": 1.0156233599339612,
  "mean_e2el": 13.664122493050673,
  "median_e2el": 13.968099229503423,
  "std_e2el": 2.004400699701336,
  "p99_e2el": 17.653564441253103
}