{
  "hw": "b200",
  "tp": 4,
  "ep": 1,
  "dp_attention": "false",
  "conc": 4,
  "model": "nvidia/DeepSeek-R1-0528-FP4-V2",
  "framework": "sglang",
  "precision": "fp4",
  "tput_per_gpu": 107.84008816535778,
  "output_tput_per_gpu": 95.6360998029292,
  "input_tput_per_gpu": 12.20398836242859,
  "mean_ttft": 0.9696190676757397,
  "median_ttft": 1.0034043775012833,
  "std_ttft": 0.3685019916668734,
  "p99_ttft": 1.7851482145242334,
  "mean_tpot": 0.010164380670699892,
  "mean_intvty": 98.382777308078,
  "median_tpot": 0.010222389080529476,
  "median_intvty": 97.82449015804868,
  "std_tpot": 0.00031461457611224695,
  "std_intvty": 3178.4922757145996,
  "p99_tpot": 0.010673814554948343,
  "p99_intvty": 93.68721883372083,
  "mean_itl": 0.10161676128647612,
  "median_itl": 0.10008062499764492,
  "std_itl": 0.05541551739931462,
  "p99_itl": 0.10766721791180314,
  "mean_e2el": 74.79419597930027,
  "median_e2el": 73.23646002399983,
  "std_e2el": 5.399741217576597,
  "p99_e2el": 86.40416526904002
}