{
  "hw": "b200-trt",
  "tp": 8,
  "ep": 1,
  "dp_attention": "false",
  "conc": 8,
  "model": "nvidia/DeepSeek-R1-0528-FP4-V2",
  "framework": "trt",
  "precision": "fp4",
  "tput_per_gpu": 221.8540850380297,
  "output_tput_per_gpu": 111.33823571795706,
  "input_tput_per_gpu": 110.51584932007263,
  "mean_ttft": 0.1235184771627246,
  "median_ttft": 0.08527410549868364,
  "std_ttft": 0.11974882074821522,
  "p99_ttft": 0.6507089930470101,
  "mean_tpot": 0.008676197037024038,
  "mean_intvty": 115.2578711309446,
  "median_tpot": 0.008699548961839318,
  "median_intvty": 114.94848806375052,
  "std_tpot": 0.0001904316411394752,
  "std_intvty": 5251.2281783445005,
  "p99_tpot": 0.008923313642883913,
  "p99_intvty": 112.06599252481406,
  "mean_itl": 0.08628041680560915,
  "median_itl": 0.08264466200489551,
  "std_itl": 0.018659203378436608,
  "p99_itl": 0.15022699005203322,
  "mean_e2el": 8.178873741164717,
  "median_e2el": 8.269242461508838,
  "std_e2el": 0.5905762533230221,
  "p99_e2el": 9.200012765257853
}