{
  "hw": "b200",
  "tp": 4,
  "ep": 1,
  "dp_attention": "false",
  "conc": 32,
  "model": "nvidia/DeepSeek-R1-0528-FP4-V2",
  "framework": "sglang",
  "precision": "fp4",
  "tput_per_gpu": 439.1959527625234,
  "output_tput_per_gpu": 219.94584950112318,
  "input_tput_per_gpu": 219.25010326140023,
  "mean_ttft": 8.017960628999777,
  "median_ttft": 1.2633139645004121,
  "std_ttft": 20.483118575738,
  "p99_ttft": 70.71837259225038,
  "mean_tpot": 0.027294974103274285,
  "mean_intvty": 36.63678141684116,
  "median_tpot": 0.027851709497415892,
  "median_intvty": 35.9044388314039,
  "std_tpot": 0.005468034169263615,
  "std_intvty": 182.88108103294294,
  "p99_tpot": 0.03371701944803718,
  "p99_intvty": 29.65861207100898,
  "mean_itl": 0.27178552565692954,
  "median_itl": 0.15158549349871464,
  "std_itl": 0.510288258552725,
  "p99_itl": 1.1993823681926006,
  "mean_e2el": 33.227766673946846,
  "median_e2el": 27.688995055501437,
  "std_e2el": 19.082793576579455,
  "p99_e2el": 94.48651413399202
}