{
  "hw": "b200",
  "tp": 4,
  "ep": 1,
  "dp_attention": "false",
  "conc": 64,
  "model": "nvidia/DeepSeek-R1-0528-FP4-V2",
  "framework": "sglang",
  "precision": "fp4",
  "tput_per_gpu": 707.7824209008669,
  "output_tput_per_gpu": 353.81144768214585,
  "input_tput_per_gpu": 353.97097321872104,
  "mean_ttft": 8.26157285409231,
  "median_ttft": 1.38569797949458,
  "std_ttft": 20.578864957339817,
  "p99_ttft": 71.78467887395614,
  "mean_tpot": 0.03560100765655069,
  "mean_intvty": 28.089092579827497,
  "median_tpot": 0.03629540538932953,
  "median_intvty": 27.551696675469273,
  "std_tpot": 0.006405972376140805,
  "std_intvty": 156.10432597625984,
  "p99_tpot": 0.04598065597502549,
  "p99_intvty": 21.748276069466094,
  "mean_itl": 0.354906703797857,
  "median_itl": 0.1927687209972646,
  "std_itl": 0.4677432171011539,
  "p99_itl": 1.3747767973371083,
  "mean_e2el": 41.09876097576728,
  "median_e2el": 35.6038831390033,
  "std_e2el": 19.33842690253652,
  "p99_e2el": 102.58350160666465
}