{
  "hw": "b200",
  "tp": 4,
  "ep": 1,
  "dp_attention": "false",
  "conc": 32,
  "model": "nvidia/DeepSeek-R1-0528-FP4-V2",
  "framework": "sglang",
  "precision": "fp4",
  "tput_per_gpu": 426.156798277909,
  "output_tput_per_gpu": 379.08901962138486,
  "input_tput_per_gpu": 47.067778656524126,
  "mean_ttft": 7.772713048816058,
  "median_ttft": 1.195129646002897,
  "std_ttft": 20.65506678497621,
  "p99_ttft": 70.99367499280284,
  "mean_tpot": 0.019609606486611413,
  "mean_intvty": 50.995413940751774,
  "median_tpot": 0.019847479550668404,
  "median_intvty": 50.38423127970035,
  "std_tpot": 0.0010496260134140623,
  "std_intvty": 952.7202901034757,
  "p99_tpot": 0.02078757542186959,
  "p99_intvty": 48.1056582937493,
  "mean_itl": 0.19614169726853578,
  "median_itl": 0.17769877400132827,
  "std_itl": 0.19853493106328438,
  "p99_itl": 1.114230540394783,
  "mean_e2el": 153.29820638528108,
  "median_e2el": 150.74411962850718,
  "std_e2el": 20.222768855052962,
  "p99_e2el": 222.5397539352707
}